sku,status,reason,action,sapoAvailable,pancakeAvailable,shopifyAvailable,sapoName,pancakeName,shopifyName,isBlocklisted,comboComponents
FM-AKGL01-TR-L-FM-QDOL01-HP-L,partial,Missing Pancake and Shopify records,blocked_by_product_sync_blocklist,32,,,Bộ đồ tập yoga pilates nữ Fitme Glow áo khoác trắng phối quần ống loe hồng pastel thoáng khí tôn dáng,,,yes,FM-AKGL01-TR-L|FM-QDOL01-HP-L
FM-AKGL01-TR-L-FM-QDOL01-HP-M,partial,Missing Pancake and Shopify records,blocked_by_product_sync_blocklist,1,,,Bộ đồ tập yoga pilates nữ Fitme Glow áo khoác trắng phối quần ống loe hồng pastel thoáng khí tôn dáng,,,yes,FM-AKGL01-TR-L|FM-QDOL01-HP-M
FM-AKGL01-TR-L-FM-QDOL01-HP-S,partial,Missing Pancake and Shopify records,blocked_by_product_sync_blocklist,1,,,Bộ đồ tập yoga pilates nữ Fitme Glow áo khoác trắng phối quần ống loe hồng pastel thoáng khí tôn dáng,,,yes,FM-AKGL01-TR-L|FM-QDOL01-HP-S
FM-AKGL01-TR-L-FM-QDOL01-HP-XL,partial,Missing Pancake and Shopify records,blocked_by_product_sync_blocklist,9,,,Bộ đồ tập yoga pilates nữ Fitme Glow áo khoác trắng phối quần ống loe hồng pastel thoáng khí tôn dáng,,,yes,FM-AKGL01-TR-L|FM-QDOL01-HP-XL
FM-AKGL01-TR-M-FM-QDOL01-HP-L,partial,Missing Pancake and Shopify records,blocked_by_product_sync_blocklist,32,,,Bộ đồ tập yoga pilates nữ Fitme Glow áo khoác trắng phối quần ống loe hồng pastel thoáng khí tôn dáng,,,yes,FM-AKGL01-TR-M|FM-QDOL01-HP-L
FM-AKGL01-TR-M-FM-QDOL01-HP-M,partial,Missing Pancake and Shopify records,blocked_by_product_sync_blocklist,1,,,Bộ đồ tập yoga pilates nữ Fitme Glow áo khoác trắng phối quần ống loe hồng pastel thoáng khí tôn dáng,,,yes,FM-AKGL01-TR-M|FM-QDOL01-HP-M
FM-AKGL01-TR-M-FM-QDOL01-HP-S,partial,Missing Pancake and Shopify records,blocked_by_product_sync_blocklist,1,,,Bộ đồ tập yoga pilates nữ Fitme Glow áo khoác trắng phối quần ống loe hồng pastel thoáng khí tôn dáng,,,yes,FM-AKGL01-TR-M|FM-QDOL01-HP-S
FM-AKGL01-TR-M-FM-QDOL01-HP-XL,partial,Missing Pancake and Shopify records,blocked_by_product_sync_blocklist,9,,,Bộ đồ tập yoga pilates nữ Fitme Glow áo khoác trắng phối quần ống loe hồng pastel thoáng khí tôn dáng,,,yes,FM-AKGL01-TR-M|FM-QDOL01-HP-XL
FM-AKGL01-TR-S-FM-QDOL01-HP-L,partial,Missing Pancake and Shopify records,blocked_by_product_sync_blocklist,34,,,Bộ đồ tập yoga pilates nữ Fitme Glow áo khoác trắng phối quần ống loe hồng pastel thoáng khí tôn dáng,,,yes,FM-AKGL01-TR-S|FM-QDOL01-HP-L
FM-AKGL01-TR-S-FM-QDOL01-HP-M,partial,Missing Pancake and Shopify records,blocked_by_product_sync_blocklist,3,,,Bộ đồ tập yoga pilates nữ Fitme Glow áo khoác trắng phối quần ống loe hồng pastel thoáng khí tôn dáng,,,yes,FM-AKGL01-TR-S|FM-QDOL01-HP-M
FM-AKGL01-TR-S-FM-QDOL01-HP-S,partial,Missing Pancake and Shopify records,blocked_by_product_sync_blocklist,3,,,Bộ đồ tập yoga pilates nữ Fitme Glow áo khoác trắng phối quần ống loe hồng pastel thoáng khí tôn dáng,,,yes,FM-AKGL01-TR-S|FM-QDOL01-HP-S
FM-AKGL01-TR-S-FM-QDOL01-HP-XL,partial,Missing Pancake and Shopify records,blocked_by_product_sync_blocklist,11,,,Bộ đồ tập yoga pilates nữ Fitme Glow áo khoác trắng phối quần ống loe hồng pastel thoáng khí tôn dáng,,,yes,FM-AKGL01-TR-S|FM-QDOL01-HP-XL
FM-AKGL01-TR-XL-FM-QDOL01-HP-L,partial,Missing Pancake and Shopify records,blocked_by_product_sync_blocklist,34,,,Bộ đồ tập yoga pilates nữ Fitme Glow áo khoác trắng phối quần ống loe hồng pastel thoáng khí tôn dáng,,,yes,FM-AKGL01-TR-XL|FM-QDOL01-HP-L
FM-AKGL01-TR-XL-FM-QDOL01-HP-M,partial,Missing Pancake and Shopify records,blocked_by_product_sync_blocklist,3,,,Bộ đồ tập yoga pilates nữ Fitme Glow áo khoác trắng phối quần ống loe hồng pastel thoáng khí tôn dáng,,,yes,FM-AKGL01-TR-XL|FM-QDOL01-HP-M
FM-AKGL01-TR-XL-FM-QDOL01-HP-S,partial,Missing Pancake and Shopify records,blocked_by_product_sync_blocklist,3,,,Bộ đồ tập yoga pilates nữ Fitme Glow áo khoác trắng phối quần ống loe hồng pastel thoáng khí tôn dáng,,,yes,FM-AKGL01-TR-XL|FM-QDOL01-HP-S
FM-AKGL01-TR-XL-FM-QDOL01-HP-XL,partial,Missing Pancake and Shopify records,blocked_by_product_sync_blocklist,11,,,Bộ đồ tập yoga pilates nữ Fitme Glow áo khoác trắng phối quần ống loe hồng pastel thoáng khí tôn dáng,,,yes,FM-AKGL01-TR-XL|FM-QDOL01-HP-XL
FM-AKSL01-TR-L-FM-QDSL02-HP-L,partial,Missing Pancake and Shopify records,blocked_by_product_sync_blocklist,113,,,Bộ đồ tập yoga pilates nữ Fitme SL áo khoác Serene xanh pastel phối quần hồng pastel tôn dáng mềm mại,,,yes,FM-AKSL01-TR-L|FM-QDSL02-HP-L
FM-AKSL01-TR-L-FM-QDSL02-HP-M,partial,Missing Pancake and Shopify records,blocked_by_product_sync_blocklist,116,,,Bộ đồ tập yoga pilates nữ Fitme SL áo khoác Serene xanh pastel phối quần hồng pastel tôn dáng mềm mại,,,yes,FM-AKSL01-TR-L|FM-QDSL02-HP-M
FM-AKSL01-TR-L-FM-QDSL02-HP-S,partial,Missing Pancake and Shopify records,blocked_by_product_sync_blocklist,116,,,Bộ đồ tập yoga pilates nữ Fitme SL áo khoác Serene xanh pastel phối quần hồng pastel tôn dáng mềm mại,,,yes,FM-AKSL01-TR-L|FM-QDSL02-HP-S
FM-AKSL01-TR-L-FM-QDSL02-HP-XL,partial,Missing Pancake and Shopify records,blocked_by_product_sync_blocklist,58,,,Bộ đồ tập yoga pilates nữ Fitme SL áo khoác Serene xanh pastel phối quần hồng pastel tôn dáng mềm mại,,,yes,FM-AKSL01-TR-L|FM-QDSL02-HP-XL
FM-AKSL01-TR-M-FM-QDSL02-HP-L,partial,Missing Pancake and Shopify records,blocked_by_product_sync_blocklist,113,,,Bộ đồ tập yoga pilates nữ Fitme SL áo khoác Serene xanh pastel phối quần hồng pastel tôn dáng mềm mại,,,yes,FM-AKSL01-TR-M|FM-QDSL02-HP-L
FM-AKSL01-TR-M-FM-QDSL02-HP-M,partial,Missing Pancake and Shopify records,blocked_by_product_sync_blocklist,138,,,Bộ đồ tập yoga pilates nữ Fitme SL áo khoác Serene xanh pastel phối quần hồng pastel tôn dáng mềm mại,,,yes,FM-AKSL01-TR-M|FM-QDSL02-HP-M
FM-AKSL01-TR-M-FM-QDSL02-HP-S,partial,Missing Pancake and Shopify records,blocked_by_product_sync_blocklist,138,,,Bộ đồ tập yoga pilates nữ Fitme SL áo khoác Serene xanh pastel phối quần hồng pastel tôn dáng mềm mại,,,yes,FM-AKSL01-TR-M|FM-QDSL02-HP-S
FM-AKSL01-TR-M-FM-QDSL02-HP-XL,partial,Missing Pancake and Shopify records,blocked_by_product_sync_blocklist,57,,,Bộ đồ tập yoga pilates nữ Fitme SL áo khoác Serene xanh pastel phối quần hồng pastel tôn dáng mềm mại,,,yes,FM-AKSL01-TR-M|FM-QDSL02-HP-XL
FM-AKSL01-TR-S-FM-QDSL02-HP-L,partial,Missing Pancake and Shopify records,blocked_by_product_sync_blocklist,113,,,Bộ đồ tập yoga pilates nữ Fitme SL áo khoác Serene xanh pastel phối quần hồng pastel tôn dáng mềm mại,,,yes,FM-AKSL01-TR-S|FM-QDSL02-HP-L
FM-AKSL01-TR-S-FM-QDSL02-HP-M,partial,Missing Pancake and Shopify records,blocked_by_product_sync_blocklist,133,,,Bộ đồ tập yoga pilates nữ Fitme SL áo khoác Serene xanh pastel phối quần hồng pastel tôn dáng mềm mại,,,yes,FM-AKSL01-TR-S|FM-QDSL02-HP-M
FM-AKSL01-TR-S-FM-QDSL02-HP-S,partial,Missing Pancake and Shopify records,blocked_by_product_sync_blocklist,133,,,Bộ đồ tập yoga pilates nữ Fitme SL áo khoác Serene xanh pastel phối quần hồng pastel tôn dáng mềm mại,,,yes,FM-AKSL01-TR-S|FM-QDSL02-HP-S
FM-AKSL01-TR-S-FM-QDSL02-HP-XL,partial,Missing Pancake and Shopify records,blocked_by_product_sync_blocklist,58,,,Bộ đồ tập yoga pilates nữ Fitme SL áo khoác Serene xanh pastel phối quần hồng pastel tôn dáng mềm mại,,,yes,FM-AKSL01-TR-S|FM-QDSL02-HP-XL
FM-AKSL01-TR-XL-FM-QDSL02-HP-L,partial,Missing Pancake and Shopify records,blocked_by_product_sync_blocklist,92,,,Bộ đồ tập yoga pilates nữ Fitme SL áo khoác Serene xanh pastel phối quần hồng pastel tôn dáng mềm mại,,,yes,FM-AKSL01-TR-XL|FM-QDSL02-HP-L
FM-AKSL01-TR-XL-FM-QDSL02-HP-M,partial,Missing Pancake and Shopify records,blocked_by_product_sync_blocklist,94,,,Bộ đồ tập yoga pilates nữ Fitme SL áo khoác Serene xanh pastel phối quần hồng pastel tôn dáng mềm mại,,,yes,FM-AKSL01-TR-XL|FM-QDSL02-HP-M
FM-AKSL01-TR-XL-FM-QDSL02-HP-S,partial,Missing Pancake and Shopify records,blocked_by_product_sync_blocklist,94,,,Bộ đồ tập yoga pilates nữ Fitme SL áo khoác Serene xanh pastel phối quần hồng pastel tôn dáng mềm mại,,,yes,FM-AKSL01-TR-XL|FM-QDSL02-HP-S
FM-AKSL01-TR-XL-FM-QDSL02-HP-XL,partial,Missing Pancake and Shopify records,blocked_by_product_sync_blocklist,58,,,Bộ đồ tập yoga pilates nữ Fitme SL áo khoác Serene xanh pastel phối quần hồng pastel tôn dáng mềm mại,,,yes,FM-AKSL01-TR-XL|FM-QDSL02-HP-XL
FM-AKSL01-XP-L-FM-QDSL01-XP-L,partial,Missing Pancake and Shopify records,blocked_by_product_sync_blocklist,74,,,Bộ đồ tập yoga pilates nữ Fitme áo khoác Serene SL xanh pastel phối quần Aura SL mềm mại tôn dáng,,,yes,FM-AKSL01-XP-L|FM-QDSL01-XP-L
FM-AKSL01-XP-L-FM-QDSL01-XP-M,partial,Missing Pancake and Shopify records,blocked_by_product_sync_blocklist,98,,,Bộ đồ tập yoga pilates nữ Fitme áo khoác Serene SL xanh pastel phối quần Aura SL mềm mại tôn dáng,,,yes,FM-AKSL01-XP-L|FM-QDSL01-XP-M
FM-AKSL01-XP-L-FM-QDSL01-XP-S,partial,Missing Pancake and Shopify records,blocked_by_product_sync_blocklist,98,,,Bộ đồ tập yoga pilates nữ Fitme áo khoác Serene SL xanh pastel phối quần Aura SL mềm mại tôn dáng,,,yes,FM-AKSL01-XP-L|FM-QDSL01-XP-S
FM-AKSL01-XP-L-FM-QDSL01-XP-XL,partial,Missing Pancake and Shopify records,blocked_by_product_sync_blocklist,48,,,Bộ đồ tập yoga pilates nữ Fitme áo khoác Serene SL xanh pastel phối quần Aura SL mềm mại tôn dáng,,,yes,FM-AKSL01-XP-L|FM-QDSL01-XP-XL
FM-AKSL01-XP-M-FM-QDSL01-XP-L,partial,Missing Pancake and Shopify records,blocked_by_product_sync_blocklist,73,,,Bộ đồ tập yoga pilates nữ Fitme áo khoác Serene SL xanh pastel phối quần Aura SL mềm mại tôn dáng,,,yes,FM-AKSL01-XP-M|FM-QDSL01-XP-L
FM-AKSL01-XP-M-FM-QDSL01-XP-M,partial,Missing Pancake and Shopify records,blocked_by_product_sync_blocklist,125,,,Bộ đồ tập yoga pilates nữ Fitme áo khoác Serene SL xanh pastel phối quần Aura SL mềm mại tôn dáng,,,yes,FM-AKSL01-XP-M|FM-QDSL01-XP-M
FM-AKSL01-XP-M-FM-QDSL01-XP-S,partial,Missing Pancake and Shopify records,blocked_by_product_sync_blocklist,125,,,Bộ đồ tập yoga pilates nữ Fitme áo khoác Serene SL xanh pastel phối quần Aura SL mềm mại tôn dáng,,,yes,FM-AKSL01-XP-M|FM-QDSL01-XP-S
FM-AKSL01-XP-M-FM-QDSL01-XP-XL,partial,Missing Pancake and Shopify records,blocked_by_product_sync_blocklist,48,,,Bộ đồ tập yoga pilates nữ Fitme áo khoác Serene SL xanh pastel phối quần Aura SL mềm mại tôn dáng,,,yes,FM-AKSL01-XP-M|FM-QDSL01-XP-XL
FM-AKSL01-XP-S-FM-QDSL01-XP-L,partial,Missing Pancake and Shopify records,blocked_by_product_sync_blocklist,74,,,Bộ đồ tập yoga pilates nữ Fitme áo khoác Serene SL xanh pastel phối quần Aura SL mềm mại tôn dáng,,,yes,FM-AKSL01-XP-S|FM-QDSL01-XP-L
FM-AKSL01-XP-S-FM-QDSL01-XP-M,partial,Missing Pancake and Shopify records,blocked_by_product_sync_blocklist,122,,,Bộ đồ tập yoga pilates nữ Fitme áo khoác Serene SL xanh pastel phối quần Aura SL mềm mại tôn dáng,,,yes,FM-AKSL01-XP-S|FM-QDSL01-XP-M
FM-AKSL01-XP-S-FM-QDSL01-XP-S,partial,Missing Pancake and Shopify records,blocked_by_product_sync_blocklist,122,,,Bộ đồ tập yoga pilates nữ Fitme áo khoác Serene SL xanh pastel phối quần Aura SL mềm mại tôn dáng,,,yes,FM-AKSL01-XP-S|FM-QDSL01-XP-S
FM-AKSL01-XP-S-FM-QDSL01-XP-XL,partial,Missing Pancake and Shopify records,blocked_by_product_sync_blocklist,48,,,Bộ đồ tập yoga pilates nữ Fitme áo khoác Serene SL xanh pastel phối quần Aura SL mềm mại tôn dáng,,,yes,FM-AKSL01-XP-S|FM-QDSL01-XP-XL
FM-AKSL01-XP-XL-FM-QDSL01-XP-L,partial,Missing Pancake and Shopify records,blocked_by_product_sync_blocklist,73,,,Bộ đồ tập yoga pilates nữ Fitme áo khoác Serene SL xanh pastel phối quần Aura SL mềm mại tôn dáng,,,yes,FM-AKSL01-XP-XL|FM-QDSL01-XP-L
FM-AKSL01-XP-XL-FM-QDSL01-XP-M,partial,Missing Pancake and Shopify records,blocked_by_product_sync_blocklist,77,,,Bộ đồ tập yoga pilates nữ Fitme áo khoác Serene SL xanh pastel phối quần Aura SL mềm mại tôn dáng,,,yes,FM-AKSL01-XP-XL|FM-QDSL01-XP-M
FM-AKSL01-XP-XL-FM-QDSL01-XP-S,partial,Missing Pancake and Shopify records,blocked_by_product_sync_blocklist,77,,,Bộ đồ tập yoga pilates nữ Fitme áo khoác Serene SL xanh pastel phối quần Aura SL mềm mại tôn dáng,,,yes,FM-AKSL01-XP-XL|FM-QDSL01-XP-S
FM-AKSL01-XP-XL-FM-QDSL01-XP-XL,partial,Missing Pancake and Shopify records,blocked_by_product_sync_blocklist,48,,,Bộ đồ tập yoga pilates nữ Fitme áo khoác Serene SL xanh pastel phối quần Aura SL mềm mại tôn dáng,,,yes,FM-AKSL01-XP-XL|FM-QDSL01-XP-XL
FM-ATBL01-HP-L-FM-QNGL01-DG-L,partial,Missing Pancake and Shopify records,blocked_by_product_sync_blocklist,0,,,Bộ đồ tập gym yoga nữ Fitme Bloom hồng pastel kết hợp quần đùi Glow Dark Grey co giãn thoáng khí,,,yes,FM-ATBL01-HP-L|FM-QNGL01-DG-L
FM-ATBL01-HP-L-FM-QNGL01-DG-M,partial,Missing Pancake and Shopify records,blocked_by_product_sync_blocklist,0,,,Bộ đồ tập gym yoga nữ Fitme Bloom hồng pastel kết hợp quần đùi Glow Dark Grey co giãn thoáng khí,,,yes,FM-ATBL01-HP-L|FM-QNGL01-DG-M
FM-ATBL01-HP-L-FM-QNGL01-DG-S,partial,Missing Pancake and Shopify records,blocked_by_product_sync_blocklist,0,,,Bộ đồ tập gym yoga nữ Fitme Bloom hồng pastel kết hợp quần đùi Glow Dark Grey co giãn thoáng khí,,,yes,FM-ATBL01-HP-L|FM-QNGL01-DG-S
FM-ATBL01-HP-L-FM-QNGL01-DG-XL,partial,Missing Pancake and Shopify records,blocked_by_product_sync_blocklist,0,,,Bộ đồ tập gym yoga nữ Fitme Bloom hồng pastel kết hợp quần đùi Glow Dark Grey co giãn thoáng khí,,,yes,FM-ATBL01-HP-L|FM-QNGL01-DG-XL
FM-ATBL01-HP-M-FM-QNGL01-DG-L,partial,Missing Pancake and Shopify records,blocked_by_product_sync_blocklist,0,,,Bộ đồ tập gym yoga nữ Fitme Bloom hồng pastel kết hợp quần đùi Glow Dark Grey co giãn thoáng khí,,,yes,FM-ATBL01-HP-M|FM-QNGL01-DG-L
FM-ATBL01-HP-M-FM-QNGL01-DG-M,partial,Missing Pancake and Shopify records,blocked_by_product_sync_blocklist,0,,,Bộ đồ tập gym yoga nữ Fitme Bloom hồng pastel kết hợp quần đùi Glow Dark Grey co giãn thoáng khí,,,yes,FM-ATBL01-HP-M|FM-QNGL01-DG-M
FM-ATBL01-HP-M-FM-QNGL01-DG-S,partial,Missing Pancake and Shopify records,blocked_by_product_sync_blocklist,0,,,Bộ đồ tập gym yoga nữ Fitme Bloom hồng pastel kết hợp quần đùi Glow Dark Grey co giãn thoáng khí,,,yes,FM-ATBL01-HP-M|FM-QNGL01-DG-S
FM-ATBL01-HP-M-FM-QNGL01-DG-XL,partial,Missing Pancake and Shopify records,blocked_by_product_sync_blocklist,0,,,Bộ đồ tập gym yoga nữ Fitme Bloom hồng pastel kết hợp quần đùi Glow Dark Grey co giãn thoáng khí,,,yes,FM-ATBL01-HP-M|FM-QNGL01-DG-XL
FM-ATBL01-HP-S-FM-QNGL01-DG-L,partial,Missing Pancake and Shopify records,blocked_by_product_sync_blocklist,0,,,Bộ đồ tập gym yoga nữ Fitme Bloom hồng pastel kết hợp quần đùi Glow Dark Grey co giãn thoáng khí,,,yes,FM-ATBL01-HP-S|FM-QNGL01-DG-L
FM-ATBL01-HP-S-FM-QNGL01-DG-M,partial,Missing Pancake and Shopify records,blocked_by_product_sync_blocklist,0,,,Bộ đồ tập gym yoga nữ Fitme Bloom hồng pastel kết hợp quần đùi Glow Dark Grey co giãn thoáng khí,,,yes,FM-ATBL01-HP-S|FM-QNGL01-DG-M
FM-ATBL01-HP-S-FM-QNGL01-DG-S,partial,Missing Pancake and Shopify records,blocked_by_product_sync_blocklist,0,,,Bộ đồ tập gym yoga nữ Fitme Bloom hồng pastel kết hợp quần đùi Glow Dark Grey co giãn thoáng khí,,,yes,FM-ATBL01-HP-S|FM-QNGL01-DG-S
FM-ATBL01-HP-S-FM-QNGL01-DG-XL,partial,Missing Pancake and Shopify records,blocked_by_product_sync_blocklist,0,,,Bộ đồ tập gym yoga nữ Fitme Bloom hồng pastel kết hợp quần đùi Glow Dark Grey co giãn thoáng khí,,,yes,FM-ATBL01-HP-S|FM-QNGL01-DG-XL
FM-ATBL01-HP-XL-FM-QNGL01-DG-L,partial,Missing Pancake and Shopify records,blocked_by_product_sync_blocklist,0,,,Bộ đồ tập gym yoga nữ Fitme Bloom hồng pastel kết hợp quần đùi Glow Dark Grey co giãn thoáng khí,,,yes,FM-ATBL01-HP-XL|FM-QNGL01-DG-L
FM-ATBL01-HP-XL-FM-QNGL01-DG-M,partial,Missing Pancake and Shopify records,blocked_by_product_sync_blocklist,0,,,Bộ đồ tập gym yoga nữ Fitme Bloom hồng pastel kết hợp quần đùi Glow Dark Grey co giãn thoáng khí,,,yes,FM-ATBL01-HP-XL|FM-QNGL01-DG-M
FM-ATBL01-HP-XL-FM-QNGL01-DG-S,partial,Missing Pancake and Shopify records,blocked_by_product_sync_blocklist,0,,,Bộ đồ tập gym yoga nữ Fitme Bloom hồng pastel kết hợp quần đùi Glow Dark Grey co giãn thoáng khí,,,yes,FM-ATBL01-HP-XL|FM-QNGL01-DG-S
FM-ATBL01-HP-XL-FM-QNGL01-DG-XL,partial,Missing Pancake and Shopify records,blocked_by_product_sync_blocklist,0,,,Bộ đồ tập gym yoga nữ Fitme Bloom hồng pastel kết hợp quần đùi Glow Dark Grey co giãn thoáng khí,,,yes,FM-ATBL01-HP-XL|FM-QNGL01-DG-XL
FM-ATBL02-HP-L-FM-QDBL01-HP-L,partial,Missing Pancake and Shopify records,blocked_by_product_sync_blocklist,54,,,Bộ đồ tập gym yoga nữ Fitme Bloom áo tank hồng pastel phối quần ống loe hồng pastel tôn dáng mềm mại,,,yes,FM-ATBL02-HP-L|FM-QDBL01-HP-L
FM-ATBL02-HP-L-FM-QDBL01-HP-M,partial,Missing Pancake and Shopify records,blocked_by_product_sync_blocklist,4,,,Bộ đồ tập gym yoga nữ Fitme Bloom áo tank hồng pastel phối quần ống loe hồng pastel tôn dáng mềm mại,,,yes,FM-ATBL02-HP-L|FM-QDBL01-HP-M
FM-ATBL02-HP-L-FM-QDBL01-HP-S,partial,Missing Pancake and Shopify records,blocked_by_product_sync_blocklist,0,,,Bộ đồ tập gym yoga nữ Fitme Bloom áo tank hồng pastel phối quần ống loe hồng pastel tôn dáng mềm mại,,,yes,FM-ATBL02-HP-L|FM-QDBL01-HP-S
FM-ATBL02-HP-L-FM-QDBL01-HP-XL,partial,Missing Pancake and Shopify records,blocked_by_product_sync_blocklist,55,,,Bộ đồ tập gym yoga nữ Fitme Bloom áo tank hồng pastel phối quần ống loe hồng pastel tôn dáng mềm mại,,,yes,FM-ATBL02-HP-L|FM-QDBL01-HP-XL
FM-ATBL02-HP-M-FM-QDBL01-HP-L,partial,Missing Pancake and Shopify records,blocked_by_product_sync_blocklist,42,,,Bộ đồ tập gym yoga nữ Fitme Bloom áo tank hồng pastel phối quần ống loe hồng pastel tôn dáng mềm mại,,,yes,FM-ATBL02-HP-M|FM-QDBL01-HP-L
FM-ATBL02-HP-M-FM-QDBL01-HP-M,partial,Missing Pancake and Shopify records,blocked_by_product_sync_blocklist,3,,,Bộ đồ tập gym yoga nữ Fitme Bloom áo tank hồng pastel phối quần ống loe hồng pastel tôn dáng mềm mại,,,yes,FM-ATBL02-HP-M|FM-QDBL01-HP-M
FM-ATBL02-HP-M-FM-QDBL01-HP-S,partial,Missing Pancake and Shopify records,blocked_by_product_sync_blocklist,0,,,Bộ đồ tập gym yoga nữ Fitme Bloom áo tank hồng pastel phối quần ống loe hồng pastel tôn dáng mềm mại,,,yes,FM-ATBL02-HP-M|FM-QDBL01-HP-S
FM-ATBL02-HP-M-FM-QDBL01-HP-XL,partial,Missing Pancake and Shopify records,blocked_by_product_sync_blocklist,43,,,Bộ đồ tập gym yoga nữ Fitme Bloom áo tank hồng pastel phối quần ống loe hồng pastel tôn dáng mềm mại,,,yes,FM-ATBL02-HP-M|FM-QDBL01-HP-XL
FM-ATBL02-HP-S-FM-QDBL01-HP-L,partial,Missing Pancake and Shopify records,blocked_by_product_sync_blocklist,61,,,Bộ đồ tập gym yoga nữ Fitme Bloom áo tank hồng pastel phối quần ống loe hồng pastel tôn dáng mềm mại,,,yes,FM-ATBL02-HP-S|FM-QDBL01-HP-L
FM-ATBL02-HP-S-FM-QDBL01-HP-M,partial,Missing Pancake and Shopify records,blocked_by_product_sync_blocklist,1,,,Bộ đồ tập gym yoga nữ Fitme Bloom áo tank hồng pastel phối quần ống loe hồng pastel tôn dáng mềm mại,,,yes,FM-ATBL02-HP-S|FM-QDBL01-HP-M
FM-ATBL02-HP-S-FM-QDBL01-HP-S,partial,Missing Pancake and Shopify records,blocked_by_product_sync_blocklist,0,,,Bộ đồ tập gym yoga nữ Fitme Bloom áo tank hồng pastel phối quần ống loe hồng pastel tôn dáng mềm mại,,,yes,FM-ATBL02-HP-S|FM-QDBL01-HP-S
FM-ATBL02-HP-S-FM-QDBL01-HP-XL,partial,Missing Pancake and Shopify records,blocked_by_product_sync_blocklist,61,,,Bộ đồ tập gym yoga nữ Fitme Bloom áo tank hồng pastel phối quần ống loe hồng pastel tôn dáng mềm mại,,,yes,FM-ATBL02-HP-S|FM-QDBL01-HP-XL
FM-ATBL02-HP-XL-FM-QDBL01-HP-L,partial,Missing Pancake and Shopify records,blocked_by_product_sync_blocklist,0,,,Bộ đồ tập gym yoga nữ Fitme Bloom áo tank hồng pastel phối quần ống loe hồng pastel tôn dáng mềm mại,,,yes,FM-ATBL02-HP-XL|FM-QDBL01-HP-L
FM-ATBL02-HP-XL-FM-QDBL01-HP-M,partial,Missing Pancake and Shopify records,blocked_by_product_sync_blocklist,0,,,Bộ đồ tập gym yoga nữ Fitme Bloom áo tank hồng pastel phối quần ống loe hồng pastel tôn dáng mềm mại,,,yes,FM-ATBL02-HP-XL|FM-QDBL01-HP-M
FM-ATBL02-HP-XL-FM-QDBL01-HP-S,partial,Missing Pancake and Shopify records,blocked_by_product_sync_blocklist,0,,,Bộ đồ tập gym yoga nữ Fitme Bloom áo tank hồng pastel phối quần ống loe hồng pastel tôn dáng mềm mại,,,yes,FM-ATBL02-HP-XL|FM-QDBL01-HP-S
FM-ATBL02-HP-XL-FM-QDBL01-HP-XL,partial,Missing Pancake and Shopify records,blocked_by_product_sync_blocklist,0,,,Bộ đồ tập gym yoga nữ Fitme Bloom áo tank hồng pastel phối quần ống loe hồng pastel tôn dáng mềm mại,,,yes,FM-ATBL02-HP-XL|FM-QDBL01-HP-XL
FM-ATSL01-XP-L-FM-QNSL01-XP-L,partial,Missing Pancake and Shopify records,blocked_by_product_sync_blocklist,45,,,Bộ đồ tập gym pilates yoga nữ Fitme Belle SL phối quần đùi Sparkle SL co giãn nâng v3 tôn dáng,,,yes,FM-ATSL01-XP-L|FM-QNSL01-XP-L
FM-ATSL01-XP-L-FM-QNSL01-XP-M,partial,Missing Pancake and Shopify records,blocked_by_product_sync_blocklist,42,,,Bộ đồ tập gym pilates yoga nữ Fitme Belle SL phối quần đùi Sparkle SL co giãn nâng v3 tôn dáng,,,yes,FM-ATSL01-XP-L|FM-QNSL01-XP-M
FM-ATSL01-XP-L-FM-QNSL01-XP-S,partial,Missing Pancake and Shopify records,blocked_by_product_sync_blocklist,42,,,Bộ đồ tập gym pilates yoga nữ Fitme Belle SL phối quần đùi Sparkle SL co giãn nâng v3 tôn dáng,,,yes,FM-ATSL01-XP-L|FM-QNSL01-XP-S
FM-ATSL01-XP-L-FM-QNSL01-XP-XL,partial,Missing Pancake and Shopify records,blocked_by_product_sync_blocklist,31,,,Bộ đồ tập gym pilates yoga nữ Fitme Belle SL phối quần đùi Sparkle SL co giãn nâng v3 tôn dáng,,,yes,FM-ATSL01-XP-L|FM-QNSL01-XP-XL
FM-ATSL01-XP-M-FM-QNSL01-XP-L,partial,Missing Pancake and Shopify records,blocked_by_product_sync_blocklist,91,,,Bộ đồ tập gym pilates yoga nữ Fitme Belle SL phối quần đùi Sparkle SL co giãn nâng v3 tôn dáng,,,yes,FM-ATSL01-XP-M|FM-QNSL01-XP-L
FM-ATSL01-XP-M-FM-QNSL01-XP-M,partial,Missing Pancake and Shopify records,blocked_by_product_sync_blocklist,87,,,Bộ đồ tập gym pilates yoga nữ Fitme Belle SL phối quần đùi Sparkle SL co giãn nâng v3 tôn dáng,,,yes,FM-ATSL01-XP-M|FM-QNSL01-XP-M
FM-ATSL01-XP-M-FM-QNSL01-XP-S,partial,Missing Pancake and Shopify records,blocked_by_product_sync_blocklist,87,,,Bộ đồ tập gym pilates yoga nữ Fitme Belle SL phối quần đùi Sparkle SL co giãn nâng v3 tôn dáng,,,yes,FM-ATSL01-XP-M|FM-QNSL01-XP-S
FM-ATSL01-XP-M-FM-QNSL01-XP-XL,partial,Missing Pancake and Shopify records,blocked_by_product_sync_blocklist,31,,,Bộ đồ tập gym pilates yoga nữ Fitme Belle SL phối quần đùi Sparkle SL co giãn nâng v3 tôn dáng,,,yes,FM-ATSL01-XP-M|FM-QNSL01-XP-XL
FM-ATSL01-XP-S-FM-QNSL01-XP-L,partial,Missing Pancake and Shopify records,blocked_by_product_sync_blocklist,93,,,Bộ đồ tập gym pilates yoga nữ Fitme Belle SL phối quần đùi Sparkle SL co giãn nâng v3 tôn dáng,,,yes,FM-ATSL01-XP-S|FM-QNSL01-XP-L
FM-ATSL01-XP-S-FM-QNSL01-XP-M,partial,Missing Pancake and Shopify records,blocked_by_product_sync_blocklist,89,,,Bộ đồ tập gym pilates yoga nữ Fitme Belle SL phối quần đùi Sparkle SL co giãn nâng v3 tôn dáng,,,yes,FM-ATSL01-XP-S|FM-QNSL01-XP-M
FM-ATSL01-XP-S-FM-QNSL01-XP-S,partial,Missing Pancake and Shopify records,blocked_by_product_sync_blocklist,89,,,Bộ đồ tập gym pilates yoga nữ Fitme Belle SL phối quần đùi Sparkle SL co giãn nâng v3 tôn dáng,,,yes,FM-ATSL01-XP-S|FM-QNSL01-XP-S
FM-ATSL01-XP-S-FM-QNSL01-XP-XL,partial,Missing Pancake and Shopify records,blocked_by_product_sync_blocklist,31,,,Bộ đồ tập gym pilates yoga nữ Fitme Belle SL phối quần đùi Sparkle SL co giãn nâng v3 tôn dáng,,,yes,FM-ATSL01-XP-S|FM-QNSL01-XP-XL
FM-ATSL01-XP-XL-FM-QNSL01-XP-L,partial,Missing Pancake and Shopify records,blocked_by_product_sync_blocklist,13,,,Bộ đồ tập gym pilates yoga nữ Fitme Belle SL phối quần đùi Sparkle SL co giãn nâng v3 tôn dáng,,,yes,FM-ATSL01-XP-XL|FM-QNSL01-XP-L
FM-ATSL01-XP-XL-FM-QNSL01-XP-M,partial,Missing Pancake and Shopify records,blocked_by_product_sync_blocklist,8,,,Bộ đồ tập gym pilates yoga nữ Fitme Belle SL phối quần đùi Sparkle SL co giãn nâng v3 tôn dáng,,,yes,FM-ATSL01-XP-XL|FM-QNSL01-XP-M
FM-ATSL01-XP-XL-FM-QNSL01-XP-S,partial,Missing Pancake and Shopify records,blocked_by_product_sync_blocklist,8,,,Bộ đồ tập gym pilates yoga nữ Fitme Belle SL phối quần đùi Sparkle SL co giãn nâng v3 tôn dáng,,,yes,FM-ATSL01-XP-XL|FM-QNSL01-XP-S
FM-ATSL01-XP-XL-FM-QNSL01-XP-XL,partial,Missing Pancake and Shopify records,blocked_by_product_sync_blocklist,8,,,Bộ đồ tập gym pilates yoga nữ Fitme Belle SL phối quần đùi Sparkle SL co giãn nâng v3 tôn dáng,,,yes,FM-ATSL01-XP-XL|FM-QNSL01-XP-XL
FM-BRGL04-TR-L-FM-QDZT01-HP-L,partial,Missing Pancake and Shopify records,blocked_by_product_sync_blocklist,3,,,Bộ đồ tập gym yoga nữ Fitme Glow áo bra trắng phối quần legging Zeta hồng pastel co giãn tôn dáng,,,yes,FM-BRGL04-TR-L|FM-QDZT01-HP-L
FM-BRGL04-TR-L-FM-QDZT01-HP-M,partial,Missing Pancake and Shopify records,blocked_by_product_sync_blocklist,3,,,Bộ đồ tập gym yoga nữ Fitme Glow áo bra trắng phối quần legging Zeta hồng pastel co giãn tôn dáng,,,yes,FM-BRGL04-TR-L|FM-QDZT01-HP-M
FM-BRGL04-TR-L-FM-QDZT01-HP-S,partial,Missing Pancake and Shopify records,blocked_by_product_sync_blocklist,1,,,Bộ đồ tập gym yoga nữ Fitme Glow áo bra trắng phối quần legging Zeta hồng pastel co giãn tôn dáng,,,yes,FM-BRGL04-TR-L|FM-QDZT01-HP-S
FM-BRGL04-TR-L-FM-QDZT01-HP-XL,partial,Missing Pancake and Shopify records,blocked_by_product_sync_blocklist,3,,,Bộ đồ tập gym yoga nữ Fitme Glow áo bra trắng phối quần legging Zeta hồng pastel co giãn tôn dáng,,,yes,FM-BRGL04-TR-L|FM-QDZT01-HP-XL
FM-BRGL04-TR-M-FM-QDZT01-HP-L,partial,Missing Pancake and Shopify records,blocked_by_product_sync_blocklist,3,,,Bộ đồ tập gym yoga nữ Fitme Glow áo bra trắng phối quần legging Zeta hồng pastel co giãn tôn dáng,,,yes,FM-BRGL04-TR-M|FM-QDZT01-HP-L
FM-BRGL04-TR-M-FM-QDZT01-HP-M,partial,Missing Pancake and Shopify records,blocked_by_product_sync_blocklist,3,,,Bộ đồ tập gym yoga nữ Fitme Glow áo bra trắng phối quần legging Zeta hồng pastel co giãn tôn dáng,,,yes,FM-BRGL04-TR-M|FM-QDZT01-HP-M
FM-BRGL04-TR-M-FM-QDZT01-HP-S,partial,Missing Pancake and Shopify records,blocked_by_product_sync_blocklist,1,,,Bộ đồ tập gym yoga nữ Fitme Glow áo bra trắng phối quần legging Zeta hồng pastel co giãn tôn dáng,,,yes,FM-BRGL04-TR-M|FM-QDZT01-HP-S
FM-BRGL04-TR-M-FM-QDZT01-HP-XL,partial,Missing Pancake and Shopify records,blocked_by_product_sync_blocklist,3,,,Bộ đồ tập gym yoga nữ Fitme Glow áo bra trắng phối quần legging Zeta hồng pastel co giãn tôn dáng,,,yes,FM-BRGL04-TR-M|FM-QDZT01-HP-XL
FM-BRGL04-TR-S-FM-QDZT01-HP-L,partial,Missing Pancake and Shopify records,blocked_by_product_sync_blocklist,3,,,Bộ đồ tập gym yoga nữ Fitme Glow áo bra trắng phối quần legging Zeta hồng pastel co giãn tôn dáng,,,yes,FM-BRGL04-TR-S|FM-QDZT01-HP-L
FM-BRGL04-TR-S-FM-QDZT01-HP-M,partial,Missing Pancake and Shopify records,blocked_by_product_sync_blocklist,3,,,Bộ đồ tập gym yoga nữ Fitme Glow áo bra trắng phối quần legging Zeta hồng pastel co giãn tôn dáng,,,yes,FM-BRGL04-TR-S|FM-QDZT01-HP-M
FM-BRGL04-TR-S-FM-QDZT01-HP-S,partial,Missing Pancake and Shopify records,blocked_by_product_sync_blocklist,1,,,Bộ đồ tập gym yoga nữ Fitme Glow áo bra trắng phối quần legging Zeta hồng pastel co giãn tôn dáng,,,yes,FM-BRGL04-TR-S|FM-QDZT01-HP-S
FM-BRGL04-TR-S-FM-QDZT01-HP-XL,partial,Missing Pancake and Shopify records,blocked_by_product_sync_blocklist,3,,,Bộ đồ tập gym yoga nữ Fitme Glow áo bra trắng phối quần legging Zeta hồng pastel co giãn tôn dáng,,,yes,FM-BRGL04-TR-S|FM-QDZT01-HP-XL
FM-BRGL04-TR-XL-FM-QDZT01-HP-L,partial,Missing Pancake and Shopify records,blocked_by_product_sync_blocklist,1,,,Bộ đồ tập gym yoga nữ Fitme Glow áo bra trắng phối quần legging Zeta hồng pastel co giãn tôn dáng,,,yes,FM-BRGL04-TR-XL|FM-QDZT01-HP-L
FM-BRGL04-TR-XL-FM-QDZT01-HP-M,partial,Missing Pancake and Shopify records,blocked_by_product_sync_blocklist,1,,,Bộ đồ tập gym yoga nữ Fitme Glow áo bra trắng phối quần legging Zeta hồng pastel co giãn tôn dáng,,,yes,FM-BRGL04-TR-XL|FM-QDZT01-HP-M
FM-BRGL04-TR-XL-FM-QDZT01-HP-S,partial,Missing Pancake and Shopify records,blocked_by_product_sync_blocklist,0,,,Bộ đồ tập gym yoga nữ Fitme Glow áo bra trắng phối quần legging Zeta hồng pastel co giãn tôn dáng,,,yes,FM-BRGL04-TR-XL|FM-QDZT01-HP-S
FM-BRGL04-TR-XL-FM-QDZT01-HP-XL,partial,Missing Pancake and Shopify records,blocked_by_product_sync_blocklist,1,,,Bộ đồ tập gym yoga nữ Fitme Glow áo bra trắng phối quần legging Zeta hồng pastel co giãn tôn dáng,,,yes,FM-BRGL04-TR-XL|FM-QDZT01-HP-XL
FM-BRSL01-XP-L-FM-QDSL01-XP-L,partial,Missing Pancake and Shopify records,blocked_by_product_sync_blocklist,74,,,Bộ đồ tập gym pilates yoga nữ Fitme Rosy SL áo bra phối quần legging Aura SL cạp cao tôn dáng co giãn,,,yes,FM-BRSL01-XP-L|FM-QDSL01-XP-L
FM-BRSL01-XP-L-FM-QDSL01-XP-M,partial,Missing Pancake and Shopify records,blocked_by_product_sync_blocklist,137,,,Bộ đồ tập gym pilates yoga nữ Fitme Rosy SL áo bra phối quần legging Aura SL cạp cao tôn dáng co giãn,,,yes,FM-BRSL01-XP-L|FM-QDSL01-XP-M
FM-BRSL01-XP-L-FM-QDSL01-XP-S,partial,Missing Pancake and Shopify records,blocked_by_product_sync_blocklist,139,,,Bộ đồ tập gym pilates yoga nữ Fitme Rosy SL áo bra phối quần legging Aura SL cạp cao tôn dáng co giãn,,,yes,FM-BRSL01-XP-L|FM-QDSL01-XP-S
FM-BRSL01-XP-L-FM-QDSL01-XP-XL,partial,Missing Pancake and Shopify records,blocked_by_product_sync_blocklist,48,,,Bộ đồ tập gym pilates yoga nữ Fitme Rosy SL áo bra phối quần legging Aura SL cạp cao tôn dáng co giãn,,,yes,FM-BRSL01-XP-L|FM-QDSL01-XP-XL
FM-BRSL01-XP-M-FM-QDSL01-XP-L,partial,Missing Pancake and Shopify records,blocked_by_product_sync_blocklist,74,,,Bộ đồ tập gym pilates yoga nữ Fitme Rosy SL áo bra phối quần legging Aura SL cạp cao tôn dáng co giãn,,,yes,FM-BRSL01-XP-M|FM-QDSL01-XP-L
FM-BRSL01-XP-M-FM-QDSL01-XP-M,partial,Missing Pancake and Shopify records,blocked_by_product_sync_blocklist,132,,,Bộ đồ tập gym pilates yoga nữ Fitme Rosy SL áo bra phối quần legging Aura SL cạp cao tôn dáng co giãn,,,yes,FM-BRSL01-XP-M|FM-QDSL01-XP-M
FM-BRSL01-XP-M-FM-QDSL01-XP-S,partial,Missing Pancake and Shopify records,blocked_by_product_sync_blocklist,132,,,Bộ đồ tập gym pilates yoga nữ Fitme Rosy SL áo bra phối quần legging Aura SL cạp cao tôn dáng co giãn,,,yes,FM-BRSL01-XP-M|FM-QDSL01-XP-S
FM-BRSL01-XP-M-FM-QDSL01-XP-XL,partial,Missing Pancake and Shopify records,blocked_by_product_sync_blocklist,48,,,Bộ đồ tập gym pilates yoga nữ Fitme Rosy SL áo bra phối quần legging Aura SL cạp cao tôn dáng co giãn,,,yes,FM-BRSL01-XP-M|FM-QDSL01-XP-XL
FM-BRSL01-XP-S-FM-QDSL01-XP-L,partial,Missing Pancake and Shopify records,blocked_by_product_sync_blocklist,74,,,Bộ đồ tập gym pilates yoga nữ Fitme Rosy SL áo bra phối quần legging Aura SL cạp cao tôn dáng co giãn,,,yes,FM-BRSL01-XP-S|FM-QDSL01-XP-L
FM-BRSL01-XP-S-FM-QDSL01-XP-M,partial,Missing Pancake and Shopify records,blocked_by_product_sync_blocklist,137,,,Bộ đồ tập gym pilates yoga nữ Fitme Rosy SL áo bra phối quần legging Aura SL cạp cao tôn dáng co giãn,,,yes,FM-BRSL01-XP-S|FM-QDSL01-XP-M
FM-BRSL01-XP-S-FM-QDSL01-XP-S,partial,Missing Pancake and Shopify records,blocked_by_product_sync_blocklist,139,,,Bộ đồ tập gym pilates yoga nữ Fitme Rosy SL áo bra phối quần legging Aura SL cạp cao tôn dáng co giãn,,,yes,FM-BRSL01-XP-S|FM-QDSL01-XP-S
FM-BRSL01-XP-S-FM-QDSL01-XP-XL,partial,Missing Pancake and Shopify records,blocked_by_product_sync_blocklist,48,,,Bộ đồ tập gym pilates yoga nữ Fitme Rosy SL áo bra phối quần legging Aura SL cạp cao tôn dáng co giãn,,,yes,FM-BRSL01-XP-S|FM-QDSL01-XP-XL
FM-BRSL01-XP-XL-FM-QDSL01-XP-L,partial,Missing Pancake and Shopify records,blocked_by_product_sync_blocklist,74,,,Bộ đồ tập gym pilates yoga nữ Fitme Rosy SL áo bra phối quần legging Aura SL cạp cao tôn dáng co giãn,,,yes,FM-BRSL01-XP-XL|FM-QDSL01-XP-L
FM-BRSL01-XP-XL-FM-QDSL01-XP-M,partial,Missing Pancake and Shopify records,blocked_by_product_sync_blocklist,98,,,Bộ đồ tập gym pilates yoga nữ Fitme Rosy SL áo bra phối quần legging Aura SL cạp cao tôn dáng co giãn,,,yes,FM-BRSL01-XP-XL|FM-QDSL01-XP-M
FM-BRSL01-XP-XL-FM-QDSL01-XP-S,partial,Missing Pancake and Shopify records,blocked_by_product_sync_blocklist,98,,,Bộ đồ tập gym pilates yoga nữ Fitme Rosy SL áo bra phối quần legging Aura SL cạp cao tôn dáng co giãn,,,yes,FM-BRSL01-XP-XL|FM-QDSL01-XP-S
FM-BRSL01-XP-XL-FM-QDSL01-XP-XL,partial,Missing Pancake and Shopify records,blocked_by_product_sync_blocklist,48,,,Bộ đồ tập gym pilates yoga nữ Fitme Rosy SL áo bra phối quần legging Aura SL cạp cao tôn dáng co giãn,,,yes,FM-BRSL01-XP-XL|FM-QDSL01-XP-XL
FM-BRSL02-VP-L-FM-QDSL02-VP-L,partial,Missing Pancake and Shopify records,blocked_by_product_sync_blocklist,43,,,Bộ đồ tập gym pilates yoga nữ Fitme SL áo bra Muse vàng pastel phối quần ống loe Divine tôn dáng thoải mái,,,yes,FM-BRSL02-VP-L|FM-QDSL02-VP-L
FM-BRSL02-VP-L-FM-QDSL02-VP-M,partial,Missing Pancake and Shopify records,blocked_by_product_sync_blocklist,43,,,Bộ đồ tập gym pilates yoga nữ Fitme SL áo bra Muse vàng pastel phối quần ống loe Divine tôn dáng thoải mái,,,yes,FM-BRSL02-VP-L|FM-QDSL02-VP-M
FM-BRSL02-VP-L-FM-QDSL02-VP-S,partial,Missing Pancake and Shopify records,blocked_by_product_sync_blocklist,44,,,Bộ đồ tập gym pilates yoga nữ Fitme SL áo bra Muse vàng pastel phối quần ống loe Divine tôn dáng thoải mái,,,yes,FM-BRSL02-VP-L|FM-QDSL02-VP-S
FM-BRSL02-VP-L-FM-QDSL02-VP-XL,partial,Missing Pancake and Shopify records,blocked_by_product_sync_blocklist,43,,,Bộ đồ tập gym pilates yoga nữ Fitme SL áo bra Muse vàng pastel phối quần ống loe Divine tôn dáng thoải mái,,,yes,FM-BRSL02-VP-L|FM-QDSL02-VP-XL
FM-BRSL02-VP-M-FM-QDSL02-VP-L,partial,Missing Pancake and Shopify records,blocked_by_product_sync_blocklist,73,,,Bộ đồ tập gym pilates yoga nữ Fitme SL áo bra Muse vàng pastel phối quần ống loe Divine tôn dáng thoải mái,,,yes,FM-BRSL02-VP-M|FM-QDSL02-VP-L
FM-BRSL02-VP-M-FM-QDSL02-VP-M,partial,Missing Pancake and Shopify records,blocked_by_product_sync_blocklist,78,,,Bộ đồ tập gym pilates yoga nữ Fitme SL áo bra Muse vàng pastel phối quần ống loe Divine tôn dáng thoải mái,,,yes,FM-BRSL02-VP-M|FM-QDSL02-VP-M
FM-BRSL02-VP-M-FM-QDSL02-VP-S,partial,Missing Pancake and Shopify records,blocked_by_product_sync_blocklist,79,,,Bộ đồ tập gym pilates yoga nữ Fitme SL áo bra Muse vàng pastel phối quần ống loe Divine tôn dáng thoải mái,,,yes,FM-BRSL02-VP-M|FM-QDSL02-VP-S
FM-BRSL02-VP-M-FM-QDSL02-VP-XL,partial,Missing Pancake and Shopify records,blocked_by_product_sync_blocklist,44,,,Bộ đồ tập gym pilates yoga nữ Fitme SL áo bra Muse vàng pastel phối quần ống loe Divine tôn dáng thoải mái,,,yes,FM-BRSL02-VP-M|FM-QDSL02-VP-XL
FM-BRSL02-VP-S-FM-QDSL02-VP-L,partial,Missing Pancake and Shopify records,blocked_by_product_sync_blocklist,73,,,Bộ đồ tập gym pilates yoga nữ Fitme SL áo bra Muse vàng pastel phối quần ống loe Divine tôn dáng thoải mái,,,yes,FM-BRSL02-VP-S|FM-QDSL02-VP-L
FM-BRSL02-VP-S-FM-QDSL02-VP-M,partial,Missing Pancake and Shopify records,blocked_by_product_sync_blocklist,81,,,Bộ đồ tập gym pilates yoga nữ Fitme SL áo bra Muse vàng pastel phối quần ống loe Divine tôn dáng thoải mái,,,yes,FM-BRSL02-VP-S|FM-QDSL02-VP-M
FM-BRSL02-VP-S-FM-QDSL02-VP-S,partial,Missing Pancake and Shopify records,blocked_by_product_sync_blocklist,82,,,Bộ đồ tập gym pilates yoga nữ Fitme SL áo bra Muse vàng pastel phối quần ống loe Divine tôn dáng thoải mái,,,yes,FM-BRSL02-VP-S|FM-QDSL02-VP-S
FM-BRSL02-VP-S-FM-QDSL02-VP-XL,partial,Missing Pancake and Shopify records,blocked_by_product_sync_blocklist,44,,,Bộ đồ tập gym pilates yoga nữ Fitme SL áo bra Muse vàng pastel phối quần ống loe Divine tôn dáng thoải mái,,,yes,FM-BRSL02-VP-S|FM-QDSL02-VP-XL
FM-BRSL02-VP-XL-FM-QDSL02-VP-L,partial,Missing Pancake and Shopify records,blocked_by_product_sync_blocklist,0,,,Bộ đồ tập gym pilates yoga nữ Fitme SL áo bra Muse vàng pastel phối quần ống loe Divine tôn dáng thoải mái,,,yes,FM-BRSL02-VP-XL|FM-QDSL02-VP-L
FM-BRSL02-VP-XL-FM-QDSL02-VP-M,partial,Missing Pancake and Shopify records,blocked_by_product_sync_blocklist,0,,,Bộ đồ tập gym pilates yoga nữ Fitme SL áo bra Muse vàng pastel phối quần ống loe Divine tôn dáng thoải mái,,,yes,FM-BRSL02-VP-XL|FM-QDSL02-VP-M
FM-BRSL02-VP-XL-FM-QDSL02-VP-S,partial,Missing Pancake and Shopify records,blocked_by_product_sync_blocklist,0,,,Bộ đồ tập gym pilates yoga nữ Fitme SL áo bra Muse vàng pastel phối quần ống loe Divine tôn dáng thoải mái,,,yes,FM-BRSL02-VP-XL|FM-QDSL02-VP-S
FM-BRSL02-VP-XL-FM-QDSL02-VP-XL,partial,Missing Pancake and Shopify records,blocked_by_product_sync_blocklist,0,,,Bộ đồ tập gym pilates yoga nữ Fitme SL áo bra Muse vàng pastel phối quần ống loe Divine tôn dáng thoải mái,,,yes,FM-BRSL02-VP-XL|FM-QDSL02-VP-XL
FM-JGNAM01-DE-2XL,partial,Missing Pancake and Shopify records,pancake_create_failed_422,1,,,Quần jogger thể thao nam Fitme phối túi hộp hỗ trợ tập gym chạy bộ cao cấp JGNAM01#FM-JGNAM01-DE-2XL,,,no,
FM-QN2L03-XN-3XL,partial,Missing Pancake and Shopify records,pancake_create_failed_422,0,,,Quần đùi thể thao nam 2 lớp Fitme tập gym chạy bộ thun co giãn thoáng khí QN2L03#FM-QN2L03-DE-3XL,,,no,
FM-QNSL01-VG-VL,partial,Missing Pancake and Shopify records,blocked_by_product_sync_blocklist,0,,,Quần đùi gym yoga legging nữ Fitme Sparkle SL nâng v3 tôn dáng QNSL01#FM-QNSL01-VG-VL,,,yes,
FM-QNSL01-VP-VL,partial,Missing Pancake and Shopify records,blocked_by_product_sync_blocklist,0,,,Quần đùi gym yoga legging nữ Fitme Sparkle SL nâng v3 tôn dáng QNSL01#FM-QNSL01-VP-VL,,,yes,
