sku,status,diff_sapo_minus_pancake,sapo_available,pancake_available,sapo_remain,pancake_remain,sapo_name,pancake_name,sapo_variant_count,pancake_variant_count
FM-AKGL01-TR-L-FM-QDOL01-HP-L,missing_in_pancake,,99,,0,,Bộ đồ tập yoga pilates nữ Fitme Glow áo khoác trắng phối quần ống loe hồng pastel thoáng khí tôn dáng,,1,0
FM-AKGL01-TR-L-FM-QDOL01-HP-M,missing_in_pancake,,68,,0,,Bộ đồ tập yoga pilates nữ Fitme Glow áo khoác trắng phối quần ống loe hồng pastel thoáng khí tôn dáng,,1,0
FM-AKGL01-TR-L-FM-QDOL01-HP-S,missing_in_pancake,,73,,0,,Bộ đồ tập yoga pilates nữ Fitme Glow áo khoác trắng phối quần ống loe hồng pastel thoáng khí tôn dáng,,1,0
FM-AKGL01-TR-L-FM-QDOL01-HP-XL,missing_in_pancake,,32,,0,,Bộ đồ tập yoga pilates nữ Fitme Glow áo khoác trắng phối quần ống loe hồng pastel thoáng khí tôn dáng,,1,0
FM-AKGL01-TR-M-FM-QDOL01-HP-L,missing_in_pancake,,99,,0,,Bộ đồ tập yoga pilates nữ Fitme Glow áo khoác trắng phối quần ống loe hồng pastel thoáng khí tôn dáng,,1,0
FM-AKGL01-TR-M-FM-QDOL01-HP-M,missing_in_pancake,,68,,0,,Bộ đồ tập yoga pilates nữ Fitme Glow áo khoác trắng phối quần ống loe hồng pastel thoáng khí tôn dáng,,1,0
FM-AKGL01-TR-M-FM-QDOL01-HP-S,missing_in_pancake,,73,,0,,Bộ đồ tập yoga pilates nữ Fitme Glow áo khoác trắng phối quần ống loe hồng pastel thoáng khí tôn dáng,,1,0
FM-AKGL01-TR-M-FM-QDOL01-HP-XL,missing_in_pancake,,32,,0,,Bộ đồ tập yoga pilates nữ Fitme Glow áo khoác trắng phối quần ống loe hồng pastel thoáng khí tôn dáng,,1,0
FM-AKGL01-TR-S-FM-QDOL01-HP-L,missing_in_pancake,,101,,0,,Bộ đồ tập yoga pilates nữ Fitme Glow áo khoác trắng phối quần ống loe hồng pastel thoáng khí tôn dáng,,1,0
FM-AKGL01-TR-S-FM-QDOL01-HP-M,missing_in_pancake,,68,,0,,Bộ đồ tập yoga pilates nữ Fitme Glow áo khoác trắng phối quần ống loe hồng pastel thoáng khí tôn dáng,,1,0
FM-AKGL01-TR-S-FM-QDOL01-HP-S,missing_in_pancake,,73,,0,,Bộ đồ tập yoga pilates nữ Fitme Glow áo khoác trắng phối quần ống loe hồng pastel thoáng khí tôn dáng,,1,0
FM-AKGL01-TR-S-FM-QDOL01-HP-XL,missing_in_pancake,,34,,0,,Bộ đồ tập yoga pilates nữ Fitme Glow áo khoác trắng phối quần ống loe hồng pastel thoáng khí tôn dáng,,1,0
FM-AKGL01-TR-XL-FM-QDOL01-HP-L,missing_in_pancake,,101,,0,,Bộ đồ tập yoga pilates nữ Fitme Glow áo khoác trắng phối quần ống loe hồng pastel thoáng khí tôn dáng,,1,0
FM-AKGL01-TR-XL-FM-QDOL01-HP-M,missing_in_pancake,,68,,0,,Bộ đồ tập yoga pilates nữ Fitme Glow áo khoác trắng phối quần ống loe hồng pastel thoáng khí tôn dáng,,1,0
FM-AKGL01-TR-XL-FM-QDOL01-HP-S,missing_in_pancake,,73,,0,,Bộ đồ tập yoga pilates nữ Fitme Glow áo khoác trắng phối quần ống loe hồng pastel thoáng khí tôn dáng,,1,0
FM-AKGL01-TR-XL-FM-QDOL01-HP-XL,missing_in_pancake,,34,,0,,Bộ đồ tập yoga pilates nữ Fitme Glow áo khoác trắng phối quần ống loe hồng pastel thoáng khí tôn dáng,,1,0
FM-AKSL01-TR-L-FM-QDSL02-HP-L,missing_in_pancake,,119,,0,,Bộ đồ tập yoga pilates nữ Fitme SL áo khoác Serene xanh pastel phối quần hồng pastel tôn dáng mềm mại,,1,0
FM-AKSL01-TR-L-FM-QDSL02-HP-M,missing_in_pancake,,120,,0,,Bộ đồ tập yoga pilates nữ Fitme SL áo khoác Serene xanh pastel phối quần hồng pastel tôn dáng mềm mại,,1,0
FM-AKSL01-TR-L-FM-QDSL02-HP-S,missing_in_pancake,,120,,0,,Bộ đồ tập yoga pilates nữ Fitme SL áo khoác Serene xanh pastel phối quần hồng pastel tôn dáng mềm mại,,1,0
FM-AKSL01-TR-L-FM-QDSL02-HP-XL,missing_in_pancake,,58,,0,,Bộ đồ tập yoga pilates nữ Fitme SL áo khoác Serene xanh pastel phối quần hồng pastel tôn dáng mềm mại,,1,0
FM-AKSL01-TR-M-FM-QDSL02-HP-L,missing_in_pancake,,119,,0,,Bộ đồ tập yoga pilates nữ Fitme SL áo khoác Serene xanh pastel phối quần hồng pastel tôn dáng mềm mại,,1,0
FM-AKSL01-TR-M-FM-QDSL02-HP-M,missing_in_pancake,,149,,0,,Bộ đồ tập yoga pilates nữ Fitme SL áo khoác Serene xanh pastel phối quần hồng pastel tôn dáng mềm mại,,1,0
FM-AKSL01-TR-M-FM-QDSL02-HP-S,missing_in_pancake,,149,,0,,Bộ đồ tập yoga pilates nữ Fitme SL áo khoác Serene xanh pastel phối quần hồng pastel tôn dáng mềm mại,,1,0
FM-AKSL01-TR-M-FM-QDSL02-HP-XL,missing_in_pancake,,58,,0,,Bộ đồ tập yoga pilates nữ Fitme SL áo khoác Serene xanh pastel phối quần hồng pastel tôn dáng mềm mại,,1,0
FM-AKSL01-TR-S-FM-QDSL02-HP-L,missing_in_pancake,,119,,0,,Bộ đồ tập yoga pilates nữ Fitme SL áo khoác Serene xanh pastel phối quần hồng pastel tôn dáng mềm mại,,1,0
FM-AKSL01-TR-S-FM-QDSL02-HP-M,missing_in_pancake,,142,,0,,Bộ đồ tập yoga pilates nữ Fitme SL áo khoác Serene xanh pastel phối quần hồng pastel tôn dáng mềm mại,,1,0
FM-AKSL01-TR-S-FM-QDSL02-HP-S,missing_in_pancake,,142,,0,,Bộ đồ tập yoga pilates nữ Fitme SL áo khoác Serene xanh pastel phối quần hồng pastel tôn dáng mềm mại,,1,0
FM-AKSL01-TR-S-FM-QDSL02-HP-XL,missing_in_pancake,,58,,0,,Bộ đồ tập yoga pilates nữ Fitme SL áo khoác Serene xanh pastel phối quần hồng pastel tôn dáng mềm mại,,1,0
FM-AKSL01-TR-XL-FM-QDSL02-HP-L,missing_in_pancake,,99,,0,,Bộ đồ tập yoga pilates nữ Fitme SL áo khoác Serene xanh pastel phối quần hồng pastel tôn dáng mềm mại,,1,0
FM-AKSL01-TR-XL-FM-QDSL02-HP-M,missing_in_pancake,,100,,0,,Bộ đồ tập yoga pilates nữ Fitme SL áo khoác Serene xanh pastel phối quần hồng pastel tôn dáng mềm mại,,1,0
FM-AKSL01-TR-XL-FM-QDSL02-HP-S,missing_in_pancake,,100,,0,,Bộ đồ tập yoga pilates nữ Fitme SL áo khoác Serene xanh pastel phối quần hồng pastel tôn dáng mềm mại,,1,0
FM-AKSL01-TR-XL-FM-QDSL02-HP-XL,missing_in_pancake,,58,,0,,Bộ đồ tập yoga pilates nữ Fitme SL áo khoác Serene xanh pastel phối quần hồng pastel tôn dáng mềm mại,,1,0
FM-AKSL01-XP-L-FM-QDSL01-XP-L,missing_in_pancake,,80,,0,,Bộ đồ tập yoga pilates nữ Fitme áo khoác Serene SL xanh pastel phối quần Aura SL mềm mại tôn dáng,,1,0
FM-AKSL01-XP-L-FM-QDSL01-XP-M,missing_in_pancake,,100,,0,,Bộ đồ tập yoga pilates nữ Fitme áo khoác Serene SL xanh pastel phối quần Aura SL mềm mại tôn dáng,,1,0
FM-AKSL01-XP-L-FM-QDSL01-XP-S,missing_in_pancake,,100,,0,,Bộ đồ tập yoga pilates nữ Fitme áo khoác Serene SL xanh pastel phối quần Aura SL mềm mại tôn dáng,,1,0
FM-AKSL01-XP-L-FM-QDSL01-XP-XL,missing_in_pancake,,50,,0,,Bộ đồ tập yoga pilates nữ Fitme áo khoác Serene SL xanh pastel phối quần Aura SL mềm mại tôn dáng,,1,0
FM-AKSL01-XP-M-FM-QDSL01-XP-L,missing_in_pancake,,80,,0,,Bộ đồ tập yoga pilates nữ Fitme áo khoác Serene SL xanh pastel phối quần Aura SL mềm mại tôn dáng,,1,0
FM-AKSL01-XP-M-FM-QDSL01-XP-M,missing_in_pancake,,129,,0,,Bộ đồ tập yoga pilates nữ Fitme áo khoác Serene SL xanh pastel phối quần Aura SL mềm mại tôn dáng,,1,0
FM-AKSL01-XP-M-FM-QDSL01-XP-S,missing_in_pancake,,129,,0,,Bộ đồ tập yoga pilates nữ Fitme áo khoác Serene SL xanh pastel phối quần Aura SL mềm mại tôn dáng,,1,0
FM-AKSL01-XP-M-FM-QDSL01-XP-XL,missing_in_pancake,,50,,0,,Bộ đồ tập yoga pilates nữ Fitme áo khoác Serene SL xanh pastel phối quần Aura SL mềm mại tôn dáng,,1,0
FM-AKSL01-XP-S-FM-QDSL01-XP-L,missing_in_pancake,,80,,0,,Bộ đồ tập yoga pilates nữ Fitme áo khoác Serene SL xanh pastel phối quần Aura SL mềm mại tôn dáng,,1,0
FM-AKSL01-XP-S-FM-QDSL01-XP-M,missing_in_pancake,,127,,0,,Bộ đồ tập yoga pilates nữ Fitme áo khoác Serene SL xanh pastel phối quần Aura SL mềm mại tôn dáng,,1,0
FM-AKSL01-XP-S-FM-QDSL01-XP-S,missing_in_pancake,,127,,0,,Bộ đồ tập yoga pilates nữ Fitme áo khoác Serene SL xanh pastel phối quần Aura SL mềm mại tôn dáng,,1,0
FM-AKSL01-XP-S-FM-QDSL01-XP-XL,missing_in_pancake,,50,,0,,Bộ đồ tập yoga pilates nữ Fitme áo khoác Serene SL xanh pastel phối quần Aura SL mềm mại tôn dáng,,1,0
FM-AKSL01-XP-XL-FM-QDSL01-XP-L,missing_in_pancake,,80,,0,,Bộ đồ tập yoga pilates nữ Fitme áo khoác Serene SL xanh pastel phối quần Aura SL mềm mại tôn dáng,,1,0
FM-AKSL01-XP-XL-FM-QDSL01-XP-M,missing_in_pancake,,80,,0,,Bộ đồ tập yoga pilates nữ Fitme áo khoác Serene SL xanh pastel phối quần Aura SL mềm mại tôn dáng,,1,0
FM-AKSL01-XP-XL-FM-QDSL01-XP-S,missing_in_pancake,,80,,0,,Bộ đồ tập yoga pilates nữ Fitme áo khoác Serene SL xanh pastel phối quần Aura SL mềm mại tôn dáng,,1,0
FM-AKSL01-XP-XL-FM-QDSL01-XP-XL,missing_in_pancake,,50,,0,,Bộ đồ tập yoga pilates nữ Fitme áo khoác Serene SL xanh pastel phối quần Aura SL mềm mại tôn dáng,,1,0
FM-ATBL01-HP-L-FM-QNGL01-DG-L,missing_in_pancake,,0,,0,,Bộ đồ tập gym yoga nữ Fitme Bloom hồng pastel kết hợp quần đùi Glow Dark Grey co giãn thoáng khí,,1,0
FM-ATBL01-HP-L-FM-QNGL01-DG-M,missing_in_pancake,,0,,0,,Bộ đồ tập gym yoga nữ Fitme Bloom hồng pastel kết hợp quần đùi Glow Dark Grey co giãn thoáng khí,,1,0
FM-ATBL01-HP-L-FM-QNGL01-DG-S,missing_in_pancake,,0,,0,,Bộ đồ tập gym yoga nữ Fitme Bloom hồng pastel kết hợp quần đùi Glow Dark Grey co giãn thoáng khí,,1,0
FM-ATBL01-HP-L-FM-QNGL01-DG-XL,missing_in_pancake,,16,,0,,Bộ đồ tập gym yoga nữ Fitme Bloom hồng pastel kết hợp quần đùi Glow Dark Grey co giãn thoáng khí,,1,0
FM-ATBL01-HP-M-FM-QNGL01-DG-L,missing_in_pancake,,0,,0,,Bộ đồ tập gym yoga nữ Fitme Bloom hồng pastel kết hợp quần đùi Glow Dark Grey co giãn thoáng khí,,1,0
FM-ATBL01-HP-M-FM-QNGL01-DG-M,missing_in_pancake,,0,,0,,Bộ đồ tập gym yoga nữ Fitme Bloom hồng pastel kết hợp quần đùi Glow Dark Grey co giãn thoáng khí,,1,0
FM-ATBL01-HP-M-FM-QNGL01-DG-S,missing_in_pancake,,0,,0,,Bộ đồ tập gym yoga nữ Fitme Bloom hồng pastel kết hợp quần đùi Glow Dark Grey co giãn thoáng khí,,1,0
FM-ATBL01-HP-M-FM-QNGL01-DG-XL,missing_in_pancake,,16,,0,,Bộ đồ tập gym yoga nữ Fitme Bloom hồng pastel kết hợp quần đùi Glow Dark Grey co giãn thoáng khí,,1,0
FM-ATBL01-HP-S-FM-QNGL01-DG-L,missing_in_pancake,,0,,0,,Bộ đồ tập gym yoga nữ Fitme Bloom hồng pastel kết hợp quần đùi Glow Dark Grey co giãn thoáng khí,,1,0
FM-ATBL01-HP-S-FM-QNGL01-DG-M,missing_in_pancake,,0,,0,,Bộ đồ tập gym yoga nữ Fitme Bloom hồng pastel kết hợp quần đùi Glow Dark Grey co giãn thoáng khí,,1,0
FM-ATBL01-HP-S-FM-QNGL01-DG-S,missing_in_pancake,,0,,0,,Bộ đồ tập gym yoga nữ Fitme Bloom hồng pastel kết hợp quần đùi Glow Dark Grey co giãn thoáng khí,,1,0
FM-ATBL01-HP-S-FM-QNGL01-DG-XL,missing_in_pancake,,16,,0,,Bộ đồ tập gym yoga nữ Fitme Bloom hồng pastel kết hợp quần đùi Glow Dark Grey co giãn thoáng khí,,1,0
FM-ATBL01-HP-XL-FM-QNGL01-DG-L,missing_in_pancake,,0,,0,,Bộ đồ tập gym yoga nữ Fitme Bloom hồng pastel kết hợp quần đùi Glow Dark Grey co giãn thoáng khí,,1,0
FM-ATBL01-HP-XL-FM-QNGL01-DG-M,missing_in_pancake,,0,,0,,Bộ đồ tập gym yoga nữ Fitme Bloom hồng pastel kết hợp quần đùi Glow Dark Grey co giãn thoáng khí,,1,0
FM-ATBL01-HP-XL-FM-QNGL01-DG-S,missing_in_pancake,,0,,0,,Bộ đồ tập gym yoga nữ Fitme Bloom hồng pastel kết hợp quần đùi Glow Dark Grey co giãn thoáng khí,,1,0
FM-ATBL01-HP-XL-FM-QNGL01-DG-XL,missing_in_pancake,,0,,0,,Bộ đồ tập gym yoga nữ Fitme Bloom hồng pastel kết hợp quần đùi Glow Dark Grey co giãn thoáng khí,,1,0
FM-ATBL02-HP-L-FM-QDBL01-HP-L,missing_in_pancake,,60,,0,,Bộ đồ tập gym yoga nữ Fitme Bloom áo tank hồng pastel phối quần ống loe hồng pastel tôn dáng mềm mại,,1,0
FM-ATBL02-HP-L-FM-QDBL01-HP-M,missing_in_pancake,,25,,0,,Bộ đồ tập gym yoga nữ Fitme Bloom áo tank hồng pastel phối quần ống loe hồng pastel tôn dáng mềm mại,,1,0
FM-ATBL02-HP-L-FM-QDBL01-HP-S,missing_in_pancake,,0,,0,,Bộ đồ tập gym yoga nữ Fitme Bloom áo tank hồng pastel phối quần ống loe hồng pastel tôn dáng mềm mại,,1,0
FM-ATBL02-HP-L-FM-QDBL01-HP-XL,missing_in_pancake,,61,,0,,Bộ đồ tập gym yoga nữ Fitme Bloom áo tank hồng pastel phối quần ống loe hồng pastel tôn dáng mềm mại,,1,0
FM-ATBL02-HP-M-FM-QDBL01-HP-L,missing_in_pancake,,53,,0,,Bộ đồ tập gym yoga nữ Fitme Bloom áo tank hồng pastel phối quần ống loe hồng pastel tôn dáng mềm mại,,1,0
FM-ATBL02-HP-M-FM-QDBL01-HP-M,missing_in_pancake,,24,,0,,Bộ đồ tập gym yoga nữ Fitme Bloom áo tank hồng pastel phối quần ống loe hồng pastel tôn dáng mềm mại,,1,0
FM-ATBL02-HP-M-FM-QDBL01-HP-S,missing_in_pancake,,0,,0,,Bộ đồ tập gym yoga nữ Fitme Bloom áo tank hồng pastel phối quần ống loe hồng pastel tôn dáng mềm mại,,1,0
FM-ATBL02-HP-M-FM-QDBL01-HP-XL,missing_in_pancake,,54,,0,,Bộ đồ tập gym yoga nữ Fitme Bloom áo tank hồng pastel phối quần ống loe hồng pastel tôn dáng mềm mại,,1,0
FM-ATBL02-HP-S-FM-QDBL01-HP-L,missing_in_pancake,,68,,0,,Bộ đồ tập gym yoga nữ Fitme Bloom áo tank hồng pastel phối quần ống loe hồng pastel tôn dáng mềm mại,,1,0
FM-ATBL02-HP-S-FM-QDBL01-HP-M,missing_in_pancake,,23,,0,,Bộ đồ tập gym yoga nữ Fitme Bloom áo tank hồng pastel phối quần ống loe hồng pastel tôn dáng mềm mại,,1,0
FM-ATBL02-HP-S-FM-QDBL01-HP-S,missing_in_pancake,,0,,0,,Bộ đồ tập gym yoga nữ Fitme Bloom áo tank hồng pastel phối quần ống loe hồng pastel tôn dáng mềm mại,,1,0
FM-ATBL02-HP-S-FM-QDBL01-HP-XL,missing_in_pancake,,68,,0,,Bộ đồ tập gym yoga nữ Fitme Bloom áo tank hồng pastel phối quần ống loe hồng pastel tôn dáng mềm mại,,1,0
FM-ATBL02-HP-XL-FM-QDBL01-HP-L,missing_in_pancake,,0,,0,,Bộ đồ tập gym yoga nữ Fitme Bloom áo tank hồng pastel phối quần ống loe hồng pastel tôn dáng mềm mại,,1,0
FM-ATBL02-HP-XL-FM-QDBL01-HP-M,missing_in_pancake,,0,,0,,Bộ đồ tập gym yoga nữ Fitme Bloom áo tank hồng pastel phối quần ống loe hồng pastel tôn dáng mềm mại,,1,0
FM-ATBL02-HP-XL-FM-QDBL01-HP-S,missing_in_pancake,,0,,0,,Bộ đồ tập gym yoga nữ Fitme Bloom áo tank hồng pastel phối quần ống loe hồng pastel tôn dáng mềm mại,,1,0
FM-ATBL02-HP-XL-FM-QDBL01-HP-XL,missing_in_pancake,,0,,0,,Bộ đồ tập gym yoga nữ Fitme Bloom áo tank hồng pastel phối quần ống loe hồng pastel tôn dáng mềm mại,,1,0
FM-ATSL01-XP-L-FM-QNSL01-XP-L,missing_in_pancake,,68,,0,,Bộ đồ tập gym pilates yoga nữ Fitme Belle SL phối quần đùi Sparkle SL co giãn nâng v3 tôn dáng,,1,0
FM-ATSL01-XP-L-FM-QNSL01-XP-M,missing_in_pancake,,71,,0,,Bộ đồ tập gym pilates yoga nữ Fitme Belle SL phối quần đùi Sparkle SL co giãn nâng v3 tôn dáng,,1,0
FM-ATSL01-XP-L-FM-QNSL01-XP-S,missing_in_pancake,,71,,0,,Bộ đồ tập gym pilates yoga nữ Fitme Belle SL phối quần đùi Sparkle SL co giãn nâng v3 tôn dáng,,1,0
FM-ATSL01-XP-L-FM-QNSL01-XP-XL,missing_in_pancake,,38,,0,,Bộ đồ tập gym pilates yoga nữ Fitme Belle SL phối quần đùi Sparkle SL co giãn nâng v3 tôn dáng,,1,0
FM-ATSL01-XP-M-FM-QNSL01-XP-L,missing_in_pancake,,68,,0,,Bộ đồ tập gym pilates yoga nữ Fitme Belle SL phối quần đùi Sparkle SL co giãn nâng v3 tôn dáng,,1,0
FM-ATSL01-XP-M-FM-QNSL01-XP-M,missing_in_pancake,,96,,0,,Bộ đồ tập gym pilates yoga nữ Fitme Belle SL phối quần đùi Sparkle SL co giãn nâng v3 tôn dáng,,1,0
FM-ATSL01-XP-M-FM-QNSL01-XP-S,missing_in_pancake,,98,,0,,Bộ đồ tập gym pilates yoga nữ Fitme Belle SL phối quần đùi Sparkle SL co giãn nâng v3 tôn dáng,,1,0
FM-ATSL01-XP-M-FM-QNSL01-XP-XL,missing_in_pancake,,38,,0,,Bộ đồ tập gym pilates yoga nữ Fitme Belle SL phối quần đùi Sparkle SL co giãn nâng v3 tôn dáng,,1,0
FM-ATSL01-XP-S-FM-QNSL01-XP-L,missing_in_pancake,,68,,0,,Bộ đồ tập gym pilates yoga nữ Fitme Belle SL phối quần đùi Sparkle SL co giãn nâng v3 tôn dáng,,1,0
FM-ATSL01-XP-S-FM-QNSL01-XP-M,missing_in_pancake,,96,,0,,Bộ đồ tập gym pilates yoga nữ Fitme Belle SL phối quần đùi Sparkle SL co giãn nâng v3 tôn dáng,,1,0
FM-ATSL01-XP-S-FM-QNSL01-XP-S,missing_in_pancake,,98,,0,,Bộ đồ tập gym pilates yoga nữ Fitme Belle SL phối quần đùi Sparkle SL co giãn nâng v3 tôn dáng,,1,0
FM-ATSL01-XP-S-FM-QNSL01-XP-XL,missing_in_pancake,,38,,0,,Bộ đồ tập gym pilates yoga nữ Fitme Belle SL phối quần đùi Sparkle SL co giãn nâng v3 tôn dáng,,1,0
FM-ATSL01-XP-XL-FM-QNSL01-XP-L,missing_in_pancake,,27,,0,,Bộ đồ tập gym pilates yoga nữ Fitme Belle SL phối quần đùi Sparkle SL co giãn nâng v3 tôn dáng,,1,0
FM-ATSL01-XP-XL-FM-QNSL01-XP-M,missing_in_pancake,,27,,0,,Bộ đồ tập gym pilates yoga nữ Fitme Belle SL phối quần đùi Sparkle SL co giãn nâng v3 tôn dáng,,1,0
FM-ATSL01-XP-XL-FM-QNSL01-XP-S,missing_in_pancake,,27,,0,,Bộ đồ tập gym pilates yoga nữ Fitme Belle SL phối quần đùi Sparkle SL co giãn nâng v3 tôn dáng,,1,0
FM-ATSL01-XP-XL-FM-QNSL01-XP-XL,missing_in_pancake,,27,,0,,Bộ đồ tập gym pilates yoga nữ Fitme Belle SL phối quần đùi Sparkle SL co giãn nâng v3 tôn dáng,,1,0
FM-BRGL04-TR-L-FM-QDZT01-HP-L,missing_in_pancake,,19,,0,,Bộ đồ tập gym yoga nữ Fitme Glow áo bra trắng phối quần legging Zeta hồng pastel co giãn tôn dáng,,1,0
FM-BRGL04-TR-L-FM-QDZT01-HP-M,missing_in_pancake,,5,,0,,Bộ đồ tập gym yoga nữ Fitme Glow áo bra trắng phối quần legging Zeta hồng pastel co giãn tôn dáng,,1,0
FM-BRGL04-TR-L-FM-QDZT01-HP-S,missing_in_pancake,,5,,0,,Bộ đồ tập gym yoga nữ Fitme Glow áo bra trắng phối quần legging Zeta hồng pastel co giãn tôn dáng,,1,0
FM-BRGL04-TR-L-FM-QDZT01-HP-XL,missing_in_pancake,,18,,0,,Bộ đồ tập gym yoga nữ Fitme Glow áo bra trắng phối quần legging Zeta hồng pastel co giãn tôn dáng,,1,0
FM-BRGL04-TR-M-FM-QDZT01-HP-L,missing_in_pancake,,19,,0,,Bộ đồ tập gym yoga nữ Fitme Glow áo bra trắng phối quần legging Zeta hồng pastel co giãn tôn dáng,,1,0
FM-BRGL04-TR-M-FM-QDZT01-HP-M,missing_in_pancake,,4,,0,,Bộ đồ tập gym yoga nữ Fitme Glow áo bra trắng phối quần legging Zeta hồng pastel co giãn tôn dáng,,1,0
FM-BRGL04-TR-M-FM-QDZT01-HP-S,missing_in_pancake,,4,,0,,Bộ đồ tập gym yoga nữ Fitme Glow áo bra trắng phối quần legging Zeta hồng pastel co giãn tôn dáng,,1,0
FM-BRGL04-TR-M-FM-QDZT01-HP-XL,missing_in_pancake,,18,,0,,Bộ đồ tập gym yoga nữ Fitme Glow áo bra trắng phối quần legging Zeta hồng pastel co giãn tôn dáng,,1,0
FM-BRGL04-TR-S-FM-QDZT01-HP-L,missing_in_pancake,,19,,0,,Bộ đồ tập gym yoga nữ Fitme Glow áo bra trắng phối quần legging Zeta hồng pastel co giãn tôn dáng,,1,0
FM-BRGL04-TR-S-FM-QDZT01-HP-M,missing_in_pancake,,4,,0,,Bộ đồ tập gym yoga nữ Fitme Glow áo bra trắng phối quần legging Zeta hồng pastel co giãn tôn dáng,,1,0
FM-BRGL04-TR-S-FM-QDZT01-HP-S,missing_in_pancake,,4,,0,,Bộ đồ tập gym yoga nữ Fitme Glow áo bra trắng phối quần legging Zeta hồng pastel co giãn tôn dáng,,1,0
FM-BRGL04-TR-S-FM-QDZT01-HP-XL,missing_in_pancake,,18,,0,,Bộ đồ tập gym yoga nữ Fitme Glow áo bra trắng phối quần legging Zeta hồng pastel co giãn tôn dáng,,1,0
FM-BRGL04-TR-XL-FM-QDZT01-HP-L,missing_in_pancake,,1,,0,,Bộ đồ tập gym yoga nữ Fitme Glow áo bra trắng phối quần legging Zeta hồng pastel co giãn tôn dáng,,1,0
FM-BRGL04-TR-XL-FM-QDZT01-HP-M,missing_in_pancake,,1,,0,,Bộ đồ tập gym yoga nữ Fitme Glow áo bra trắng phối quần legging Zeta hồng pastel co giãn tôn dáng,,1,0
FM-BRGL04-TR-XL-FM-QDZT01-HP-S,missing_in_pancake,,1,,0,,Bộ đồ tập gym yoga nữ Fitme Glow áo bra trắng phối quần legging Zeta hồng pastel co giãn tôn dáng,,1,0
FM-BRGL04-TR-XL-FM-QDZT01-HP-XL,missing_in_pancake,,1,,0,,Bộ đồ tập gym yoga nữ Fitme Glow áo bra trắng phối quần legging Zeta hồng pastel co giãn tôn dáng,,1,0
FM-BRSL01-XP-L-FM-QDSL01-XP-L,missing_in_pancake,,75,,0,,Bộ đồ tập gym pilates yoga nữ Fitme Rosy SL áo bra phối quần legging Aura SL cạp cao tôn dáng co giãn,,1,0
FM-BRSL01-XP-L-FM-QDSL01-XP-M,missing_in_pancake,,142,,0,,Bộ đồ tập gym pilates yoga nữ Fitme Rosy SL áo bra phối quần legging Aura SL cạp cao tôn dáng co giãn,,1,0
FM-BRSL01-XP-L-FM-QDSL01-XP-S,missing_in_pancake,,140,,0,,Bộ đồ tập gym pilates yoga nữ Fitme Rosy SL áo bra phối quần legging Aura SL cạp cao tôn dáng co giãn,,1,0
FM-BRSL01-XP-L-FM-QDSL01-XP-XL,missing_in_pancake,,45,,0,,Bộ đồ tập gym pilates yoga nữ Fitme Rosy SL áo bra phối quần legging Aura SL cạp cao tôn dáng co giãn,,1,0
FM-BRSL01-XP-M-FM-QDSL01-XP-L,missing_in_pancake,,75,,0,,Bộ đồ tập gym pilates yoga nữ Fitme Rosy SL áo bra phối quần legging Aura SL cạp cao tôn dáng co giãn,,1,0
FM-BRSL01-XP-M-FM-QDSL01-XP-M,missing_in_pancake,,130,,0,,Bộ đồ tập gym pilates yoga nữ Fitme Rosy SL áo bra phối quần legging Aura SL cạp cao tôn dáng co giãn,,1,0
FM-BRSL01-XP-M-FM-QDSL01-XP-S,missing_in_pancake,,130,,0,,Bộ đồ tập gym pilates yoga nữ Fitme Rosy SL áo bra phối quần legging Aura SL cạp cao tôn dáng co giãn,,1,0
FM-BRSL01-XP-M-FM-QDSL01-XP-XL,missing_in_pancake,,45,,0,,Bộ đồ tập gym pilates yoga nữ Fitme Rosy SL áo bra phối quần legging Aura SL cạp cao tôn dáng co giãn,,1,0
FM-BRSL01-XP-S-FM-QDSL01-XP-L,missing_in_pancake,,75,,0,,Bộ đồ tập gym pilates yoga nữ Fitme Rosy SL áo bra phối quần legging Aura SL cạp cao tôn dáng co giãn,,1,0
FM-BRSL01-XP-S-FM-QDSL01-XP-M,missing_in_pancake,,142,,0,,Bộ đồ tập gym pilates yoga nữ Fitme Rosy SL áo bra phối quần legging Aura SL cạp cao tôn dáng co giãn,,1,0
FM-BRSL01-XP-S-FM-QDSL01-XP-S,missing_in_pancake,,140,,0,,Bộ đồ tập gym pilates yoga nữ Fitme Rosy SL áo bra phối quần legging Aura SL cạp cao tôn dáng co giãn,,1,0
FM-BRSL01-XP-S-FM-QDSL01-XP-XL,missing_in_pancake,,45,,0,,Bộ đồ tập gym pilates yoga nữ Fitme Rosy SL áo bra phối quần legging Aura SL cạp cao tôn dáng co giãn,,1,0
FM-BRSL01-XP-XL-FM-QDSL01-XP-L,missing_in_pancake,,75,,0,,Bộ đồ tập gym pilates yoga nữ Fitme Rosy SL áo bra phối quần legging Aura SL cạp cao tôn dáng co giãn,,1,0
FM-BRSL01-XP-XL-FM-QDSL01-XP-M,missing_in_pancake,,96,,0,,Bộ đồ tập gym pilates yoga nữ Fitme Rosy SL áo bra phối quần legging Aura SL cạp cao tôn dáng co giãn,,1,0
FM-BRSL01-XP-XL-FM-QDSL01-XP-S,missing_in_pancake,,96,,0,,Bộ đồ tập gym pilates yoga nữ Fitme Rosy SL áo bra phối quần legging Aura SL cạp cao tôn dáng co giãn,,1,0
FM-BRSL01-XP-XL-FM-QDSL01-XP-XL,missing_in_pancake,,45,,0,,Bộ đồ tập gym pilates yoga nữ Fitme Rosy SL áo bra phối quần legging Aura SL cạp cao tôn dáng co giãn,,1,0
FM-BRSL02-VP-L-FM-QDSL02-VP-L,missing_in_pancake,,60,,0,,Bộ đồ tập gym pilates yoga nữ Fitme SL áo bra Muse vàng pastel phối quần ống loe Divine tôn dáng thoải mái,,1,0
FM-BRSL02-VP-L-FM-QDSL02-VP-M,missing_in_pancake,,60,,0,,Bộ đồ tập gym pilates yoga nữ Fitme SL áo bra Muse vàng pastel phối quần ống loe Divine tôn dáng thoải mái,,1,0
FM-BRSL02-VP-L-FM-QDSL02-VP-S,missing_in_pancake,,60,,0,,Bộ đồ tập gym pilates yoga nữ Fitme SL áo bra Muse vàng pastel phối quần ống loe Divine tôn dáng thoải mái,,1,0
FM-BRSL02-VP-L-FM-QDSL02-VP-XL,missing_in_pancake,,44,,0,,Bộ đồ tập gym pilates yoga nữ Fitme SL áo bra Muse vàng pastel phối quần ống loe Divine tôn dáng thoải mái,,1,0
FM-BRSL02-VP-M-FM-QDSL02-VP-L,missing_in_pancake,,75,,0,,Bộ đồ tập gym pilates yoga nữ Fitme SL áo bra Muse vàng pastel phối quần ống loe Divine tôn dáng thoải mái,,1,0
FM-BRSL02-VP-M-FM-QDSL02-VP-M,missing_in_pancake,,95,,0,,Bộ đồ tập gym pilates yoga nữ Fitme SL áo bra Muse vàng pastel phối quần ống loe Divine tôn dáng thoải mái,,1,0
FM-BRSL02-VP-M-FM-QDSL02-VP-S,missing_in_pancake,,95,,0,,Bộ đồ tập gym pilates yoga nữ Fitme SL áo bra Muse vàng pastel phối quần ống loe Divine tôn dáng thoải mái,,1,0
FM-BRSL02-VP-M-FM-QDSL02-VP-XL,missing_in_pancake,,44,,0,,Bộ đồ tập gym pilates yoga nữ Fitme SL áo bra Muse vàng pastel phối quần ống loe Divine tôn dáng thoải mái,,1,0
FM-BRSL02-VP-S-FM-QDSL02-VP-L,missing_in_pancake,,75,,0,,Bộ đồ tập gym pilates yoga nữ Fitme SL áo bra Muse vàng pastel phối quần ống loe Divine tôn dáng thoải mái,,1,0
FM-BRSL02-VP-S-FM-QDSL02-VP-M,missing_in_pancake,,92,,0,,Bộ đồ tập gym pilates yoga nữ Fitme SL áo bra Muse vàng pastel phối quần ống loe Divine tôn dáng thoải mái,,1,0
FM-BRSL02-VP-S-FM-QDSL02-VP-S,missing_in_pancake,,92,,0,,Bộ đồ tập gym pilates yoga nữ Fitme SL áo bra Muse vàng pastel phối quần ống loe Divine tôn dáng thoải mái,,1,0
FM-BRSL02-VP-S-FM-QDSL02-VP-XL,missing_in_pancake,,44,,0,,Bộ đồ tập gym pilates yoga nữ Fitme SL áo bra Muse vàng pastel phối quần ống loe Divine tôn dáng thoải mái,,1,0
FM-BRSL02-VP-XL-FM-QDSL02-VP-L,missing_in_pancake,,0,,0,,Bộ đồ tập gym pilates yoga nữ Fitme SL áo bra Muse vàng pastel phối quần ống loe Divine tôn dáng thoải mái,,1,0
FM-BRSL02-VP-XL-FM-QDSL02-VP-M,missing_in_pancake,,0,,0,,Bộ đồ tập gym pilates yoga nữ Fitme SL áo bra Muse vàng pastel phối quần ống loe Divine tôn dáng thoải mái,,1,0
FM-BRSL02-VP-XL-FM-QDSL02-VP-S,missing_in_pancake,,0,,0,,Bộ đồ tập gym pilates yoga nữ Fitme SL áo bra Muse vàng pastel phối quần ống loe Divine tôn dáng thoải mái,,1,0
FM-BRSL02-VP-XL-FM-QDSL02-VP-XL,missing_in_pancake,,0,,0,,Bộ đồ tập gym pilates yoga nữ Fitme SL áo bra Muse vàng pastel phối quần ống loe Divine tôn dáng thoải mái,,1,0
FM-QNSL01-VG-VL,missing_in_pancake,,0,,0,,Quần đùi gym yoga legging nữ Fitme Sparkle SL nâng v3 tôn dáng QNSL01#FM-QNSL01-VG-VL,,1,0
FM-QNSL01-VP-VL,missing_in_pancake,,0,,0,,Quần đùi gym yoga legging nữ Fitme Sparkle SL nâng v3 tôn dáng QNSL01#FM-QNSL01-VP-VL,,1,0
FM-QSBL01-XA-L,missing_in_pancake,,83,,0,,"Quần short thể thao nữ Fitme Bloom chất liệu cao cấp hỗ trợ tập gym, chạy bộ QSBL01#FM-QSBL01-XA-L",,1,0
FM-QSBL01-XA-M,missing_in_pancake,,69,,0,,"Quần short thể thao nữ Fitme Bloom chất liệu cao cấp hỗ trợ tập gym, chạy bộ QSBL01#FM-QSBL01-XA-M",,1,0
FM-QSBL01-XA-S,missing_in_pancake,,75,,0,,"Quần short thể thao nữ Fitme Bloom chất liệu cao cấp hỗ trợ tập gym, chạy bộ QSBL01#FM-QSBL01-XA-S",,1,0
FM-QSBL01-XA-XL,missing_in_pancake,,70,,0,,"Quần short thể thao nữ Fitme Bloom chất liệu cao cấp hỗ trợ tập gym, chạy bộ QSBL01#FM-QSBL01-XA-XL",,1,0